branch,hp_total,hp_exited,hp_exit_rate,branch_name,avg_stars,num_reviews
1,35,27,77.14285714285715,UBC,3.9798657718120807,149
2,40,37,92.5,SFU,4.026666666666666,150
3,36,35,97.22222222222221,Downtown,3.9133333333333336,150
4,40,37,92.5,Main St,3.7866666666666666,150
5,44,38,86.36363636363636,Richmond,3.7066666666666666,150
6,33,32,96.96969696969697,Surrey,3.966666666666667,150
7,41,35,85.36585365853658,Metrotown,3.8,150
